CurrencySymbol,CurrencyName,Explorer,Decimals,PARTNER,Other
1337,1337,https://etherscan.io/token/0x35872fea6a4843facbcdbce99e3b69596a3680b8,4,,
1MT,1Million Token,https://etherscan.io/token/0xf0bc1ae4ef7ffb126a8347d06ac6f8add770e1ce,7,<@320687103144886272>,
2022M,2022MOON,https://bscscan.com/token/0x047a02a57501a813975b2d347278fdd3df671e86,18,,
2GT,2gether,https://etherscan.io/token/0xc96c1609a1a45ccc667b2b7fa6508e29617f7b69,18,,
4BIDN,4BiddenCoin,https://bscscan.com/token/0xe9c14294d19ed47C129A09F15c35259bf3C9E16E,18,,
5HRIMP,WhaleStreet SHRIMP Token,https://etherscan.io/token/0x9077f9e1efe0ea72867ac89046b2a6264cbcaef5,18,,
AAVE,Aave,https://etherscan.io/token/0x7fc66500c84a76ad7e9c93437bfc5ac33e2ddae9,18,,
ABST,ABSTRACT,https://etherscan.io/token/0x2Feb105FBb4c922597b125C56822B3db7351B55d,4,,
aCDS,Crypto Development Services,https://snowtrace.io/token/0x23f07a1c03e7c6d0c88e0e05e79b6e3511073fd5,8,<@665504410931036170>,
ACX,Across Protocol,https://etherscan.io/token/0x44108f0223A3C3028F5Fe7AEC7f9bb2E66beF82F,18,,
ADA,Cardano,https://coinmarketcap.com/currencies/cardano/,6,,
ADDY,Adamant,https://polygonscan.com/token/0xc3fdbadc7c795ef1d6ba111e06ff8f16a20ea539,18,,
AFT,Ape Fun Token,https://bscscan.com/token/0x187647f4f531d16abb53cde3a608ee8d0a123c8d,8,,
AIN,AndjelaNadja,https://etherscan.io/token/0x8BDfaE0F83a03F5fa98B0bDf339F56df3C9F8BD5,18,,
ALCX,Alchemix,https://etherscan.io/token/0xdbdb4d16eda451d0503b854cf79d55697f90c8df,18,,
alETH,Alchemix ETH,https://etherscan.io/token/0x0100546f2cd4c9d97f798ffc9755e47865ff7ee6,18,,
ALEX,AlexMasmej,https://etherscan.io/token/0x8BA6DcC667d3FF64C1A2123cE72FF5F0199E5315,4,,
ALIAS,Alias,https://coinmarketcap.com/currencies/alias/,8,,
alUSD,Alchemix USD,https://etherscan.io/token/0xBC6DA0FE9aD5f3b0d58160288917AA56653660E9,18,,
ALXO,Alxocity,https://etherscan.io/token/0x4317ea4820f8d9ea6a103553a89cb261b6ea7f2a,4,,
ANC,Anchor Protocol,https://app-classic.terraswap.io/pairs/terra15qa20t4hrq27ugcyut363mum72hdlgcqnannm2,6,,
ANTS,FireAnts,https://etherscan.io/token/0xa9fBB83a2689F4fF86339a4b96874d718673b627,18,,
ARC,Arc,https://etherscan.io/token/0xc82e3db60a52cf7529253b4ec688f631aad9e7c2,18,,
ARRR,Pirate Chain,https://coinmarketcap.com/currencies/pirate-chain/,8,,
ART,ART Token,https://etherscan.io/token/0xE51f24B251430A6e615f66e0d3c3A97c442aB38C,18,,
ARTONLINE,ARTonline,https://bscscan.com/token/0x535e67270f4feb15bffbfe86fee308b81799a7a5,18,,
ASTRO,Astroport,https://app-classic.terraswap.io/pairs/terra1fqhyxfrvlhguw97nuhxm34uvzar8vfr63ft7km,6,,
ASX,Ads Social,https://bscscan.com/token/0xc69EC15775Aa8bE1698893B681F415038dee8339,8,"<@428131332598792193>,<@605016732888727612>",
ATK,Attack Wagon,https://polygonscan.com/token/0xf868939ee81f04f463010bc52eab91c0839ef08c,18,,
ATS,All That Smoke,https://etherscan.io/token/0xE5f55a3b74874531a99359b833b92866A6609f6B,4,,
AUDIO,Audius,https://etherscan.io/token/0x18aaa7115705e8be94bffebde57af9bfc265b998,18,,
aUST,AnchorUST,https://app-classic.terraswap.io/pairs/terra1su90khngc8fe80dwu0xgwt49262ytaye6zsv4l,6,,
AVAX,Avalanche,https://coinmarketcap.com/currencies/avalanche/,18,,
AVGL,AVGL,https://etherscan.io/token/0x3bcf909d564bdac5d7ead28a99664643aabe961a,18,,NO LIQUIDITY
B0T,B0Tcoin,https://etherscan.io/token/0xDd60F9dd5B891b728955149BD59F42c6513C8dc6,18,,
b1MT,1Million Token,https://bscscan.com/token/0x8d67448d4f6231abc070a42a8905084b79e09136,7,<@320687103144886272>,
B20,B.20,https://etherscan.io/token/0xc4de189abf94c57f396bd4c52ab13b954febefd8,18,,
BAC,Basis Cash,https://etherscan.io/token/0x3449fc1cd036255ba1eb19d65ff4ba2b8903a69a,18,,
BACON,BaconDAO,https://etherscan.io/token/0x34f797e7190c131cf630524655a618b5bd8738e7,18,<@749642709081260133>,
BADGER,Badger DAO,https://etherscan.io/token/0x3472a5a71965499acd81997a54bba8d852c6e53d,18,,
BAEPAY,BAEPAY,https://etherscan.io/token/0x6BFfa07a1B0ceBC474cE6833eAf2bE6326252449,4,,
BAL,Balancer,https://etherscan.io/token/0xba100000625a3754423978a60c9317c58a424e3d,18,,
BAN,Banano,https://coinmarketcap.com/currencies/banano/,29,,
BANANA,Banana,https://etherscan.io/token/0x94e496474f1725f1c1824cb5bdb92d7691a4f03a,18,,
BAT,Basic Attention Token,https://etherscan.io/token/0x0d8775f648430679a709e98d2b0cb6250d2887ef,18,,
bBITT,BITToken,https://bscscan.com/token/0x518445f0db93863e5e93a7f70617c05afa8048f1,18,,
BCH,Bitcoin Cash,https://coinmarketcap.com/currencies/bitcoin-cash/,8,,
BEAR,arcane bear,https://etherscan.io/token/0xAf162491C0B21900C01F4Cc0F7110238AAcdebE7,4,,
BELUGA,Beluga.fi,https://bscscan.com/token/0x181de8c57c4f25eba9fd27757bbd11cc66a55d31,18,,
BERT,Bertbit,https://etherscan.io/token/0x6e9DE2e85A8C1188995FeCea289b3F22E489bB12,4,,
BFG,BFG Token,https://bscscan.com/token/0xbb46693ebbea1ac2070e59b4d043b47e2e095f86,18,,
BFJB,Baby FJB,https://bscscan.com/token/0x253ad1d09bc85b8eadb90871e2967483bd61ddc3,18,,
BID,Blockidcoin,https://coinmarketcap.com/currencies/blockidcoin/,8,,
BIFI,Beefy.Finance,https://bscscan.com/token/0xCa3F508B8e4Dd382eE878A314789373D80A5190A,18,,
BIRB,Birb,https://bscscan.com/token/0x88888888Fc33e4ECba8958c0c2AD361089E19885,18,<@805263265940373524>,
BITT,BITToken,https://etherscan.io/token/0x9F9913853f749b3fE6D6D4e16a1Cc3C1656B6D51,18,,
bKIT,DexKit,https://bscscan.com/token/0x314593fa9a2fa16432913dbccc96104541d32d11,18,<@716770703537340438>,
BLK,BlackCoin,https://coinmarketcap.com/currencies/blackcoin/,8,,
BLOODYAXE,LizziesBloodyAxe,https://hive-engine.com/trade/BLOODYAXE,0,<@936228988374908948>,
bLOTTO,Lotto,https://bscscan.com/token/0xf301c8435d4dfa51641f71b0615add794b52c8e9,18,,
BLUNA,Bonded Luna,https://app-classic.terraswap.io/pairs/terra1qs0zjzd6j0kwrwwf2qj5kmqqhav5ygq3q7p8s7,6,,
BLURT,Blurt,https://coinmarketcap.com/currencies/blurt/,3,,
BMON,Binamon,https://bscscan.com/token/0x08ba0619b1e7a582e0bce5bbe9843322c954c340,18,,
BNB,BNB,https://coinmarketcap.com/currencies/bnb/,18,,
BNJ,Binjit Coin,https://binjitcoin.com/,8,,
BNT,Bancor Network Token,https://etherscan.io/token/0x1f573d6fb3f13d689ff844b4ce37794d79a7ff1c,18,,
BOMB,Bomb,https://etherscan.io/token/0x1C95b093d6C236d3EF7c796fE33f9CC6b8606714,0,,
BONES,Bones,https://etherscan.io/token/0x3a75731f9e16244de01dd431636db7c07d42a166,4,,
BOOM,Dogs Unchained,https://etherscan.io/token/0x1f17996beacc0803841d5f8cecc753e688fb5084,18,,
BOOMC,BoomCoin,https://bscscan.com/token/0x761684e229f04ce8985b49e3beb1cd994c776a21,18,,
BPC,BloodyPercent,https://etherscan.io/token/0xf21d65979bd89b28f05ef19f3c65dd2a1d02946d,4,,
bPUSSY,Pussy Financial,https://bscscan.com/token/0xd9e8d20bde081600fac0d94b88eafaddce55aa43,18,,
BRIGHT,Bright on Gnosis,https://gnosisscan.io/token/0x83FF60E2f93F8eDD0637Ef669C69D5Fb4f64cA8E,18,,
BRIX,Brix Token,https://polygonscan.com/token/0xabffedaf784dc40a4c1947f9d5ddb3afe2075353,18,,NO LIQUIDITY
brkl,Rickle,https://bscscan.com/token/0xeCa15e1BbFF172D545Dd6325F3Bae7b737906737,18,<@696000898568028170>,
BRX,Brix Society,https://wax.alcor.exchange/swap?output=BRIX-brixbrixtoke,4,,
BSCBACON,BaconDAO,https://bscscan.com/token/0x0615Dbba33Fe61a31c7eD131BDA6655Ed76748B1,18,<@749642709081260133>,
BSGG,Betswap.gg,https://snowtrace.io/token/0x63682bdc5f875e9bf69e201550658492c9763f89,18,,
BSV,Bitcoin SV,https://coinmarketcap.com/currencies/bitcoin-sv/,8,,
bTBB,Trade Butler Bot,https://bscscan.com/token/0xb1ac5dac9099fda18390901371ce03c5ec637c89,18,,
BTC,Bitcoin,https://coinmarketcap.com/currencies/bitcoin/,8,,
BTCZ,BitcoinZ,https://coinmarketcap.com/currencies/bitcoinz/,8,<@426842722436120577>,
BTG,Bitcoin Gold,https://coinmarketcap.com/currencies/bitcoin-gold/,8,,
BTLLR,Betller Coin,https://www.coingecko.com/en/coins/betller-coin,8,,
BTQ,Boutique72,https://etherscan.io/token/0xfa5551c53bd847cecbaef93e34909e5d4551b5da,18,,
bTR3B,TR3B-Manta,https://bscscan.com/token/0xB6Ace1349339E4f5D2c6962Fa8e328D1Dd22E18F,8,,
BTTOLD,BitTorrent,https://www.coingecko.com/en/coins/bittorrent-old,6,,
BUGZ,CryptoCrawlerz,https://etherscan.io/token/0x6b023c1e3a860050ee3e608357aae86a113b70f9,18,,
BUSD,Binance USD,https://bscscan.com/token/0xe9e7cea3dedca5984780bafc599bd69add087d56,18,,
BUZZ,Buzz,https://etherscan.io/token/0x00d270d9a41886a8e6e433911ae2f7d257b60051,4,,
BXMI,Bxmi Token,https://etherscan.io/token/0xa0f5505dC06eBE8Ee8CbdC2059eaDE0b9F35cbC2,18,,
BYND,Beyondcoin,https://coinmarketcap.com/currencies/beyondcoin/,8,,
CAKE,PancakeSwap,https://bscscan.com/token/0x0e09fabb73bd3ade0a17ecc321fd13a19e81ce82,18,,
CAMO,CAMO,https://etherscan.io/token/0xe86a746330b0b691323d2cbb5c140f77d7f198a4,4,,
CANNACOIN,Stellar Cannacoin,https://lobstr.co/trade/native/CANNACOIN:GBLJ4223KUWIMV7RAPQKBA7YGR4I7H2BIV4KIMMXMQWYQBOZ6HLZR3RQ,7,<@834291952852664351>,
CAPT,Captain Token,https://bscscan.com/token/0xdf5301b96ceccb9c2a61505b3a7577111056a4c5,9,,
CARD,Cardstack,https://etherscan.io/token/0x954b890704693af242613edef1b603825afcd708,18,,
CASS,CassinoCoin,https://polygonscan.com/token/0x7af8eBca3EC282C03e4029B848AF7dCFc5fa1E0c,9,,
CBL,CherryBlossom,https://polygonscan.com/token/0xf35a85c493c49f19bcc176e718865b148958a130,18,,
CCC,Cross Chain Capital,https://snowtrace.io/token/0x4939b3313e73ae8546b90e53e998e82274afdbdb,9,,
CDS,Crypto Development Services,https://bscscan.com/token/0x23f07a1c03e7c6d0c88e0e05e79b6e3511073fd5,8,<@665504410931036170>,
CDY,Bitcoin Candy,https://cdy.one/,5,<@859136124444999690>,
CFXQ,CFXQ on Gnosis,https://gnosisscan.io/token/0x64b17a95e6C45306FB23Bc526eB2dc9E1331a1b1,6,,
CHEDR,Cheddar,https://etherscan.io/token/0x48a4a3c9dfeee6dba98a20895ec7a2cb40b3fa7f,18,<@749642709081260133>,
CHEER,Cheer,https://etherscan.io/token/0xdFCBB34cda9592b2138f700601A86C70d5E72a60,18,,
CHERRY,Cherry,https://etherscan.io/token/0x4eCB692B0fEDeCD7B486b4c99044392784877E8C,4,,
CHIZ,Sewer Rat Social Club CHIZ Token,https://etherscan.io/token/0x5c761c1a21637362374204000e383204d347064c,18,,
CHL,ChallengeDAC,https://coinmarketcap.com/currencies/challengedac/,4,,
CHP,CoinPoker,https://polygonscan.com/token/0x59B5654a17Ac44F3068b3882F298881433bB07Ef,18,,
CIC,Crazy Internet Coin,https://coinmarketcap.com/currencies/crazy-internet-coin/,18,,
CLAM,OtterClam,https://polygonscan.com/token/0xC250e9987A032ACAC293d838726C511E6E1C029d,9,,
CLOUDT,CloudClout,https://etherscan.io/token/0x9621bad6e7e2b9758349ddcb308df7f63fd46668,4,,
CMK,Credmark,https://etherscan.io/token/0x68cfb82eacb9f198d508b514d898a403c449533e,18,,
CNG,Changer,https://etherscan.io/token/0x5c1d9aa868a30795f92fae903edc9eff269044bf,18,,
CNJ,Conjure,https://etherscan.io/token/0x00a55375002f3cda400383f479e7cd57bad029a9,18,,
COCKTAIL,Cocktail,https://bscscan.com/token/0x10f292a6e694c38c5d570127da445143a2d882f3,18,,
COIN,Coin Artist,https://etherscan.io/token/0x87b008E57F640D94Ee44Fd893F0323AF933F9195,18,,
COMBO,Furucombo,https://polygonscan.com/token/0x6ddb31002abc64e1479fc439692f7ea061e78165,18,,
COMFY,Comfy Token,https://bscscan.com/token/0xC737B44CB0Aa18815a1F6918EB338dEe7e7E6bD7,9,,
COMP,Compound,https://etherscan.io/token/0xc00e94cb662c3520282e6f5717214004a7f26888,18,,
COTK,Colligo Token,https://bscscan.com/token/0xea738b6f1C888B2eCed0faD66918DEfeFE7C4494,18,,
CREDS,Creds,https://etherscan.io/token/0xc13F4F0F865bAc08F62654B57E38669EbC4747a3,18,,
cSWIX,CouponSWIX,https://polygonscan.com/token/0x80b454e806e29f052090aa18cd7380f42a11901d,18,,
CUMMIES,CumRocket,https://bscscan.com/token/0x27Ae27110350B98d564b9A3eeD31bAeBc82d878d,18,,
CURIO,ExtraCurio,https://etherscan.io/token/0x4b46636aFCb2BC4DD20C3D0424c4E1e6D296Fabe,4,,
CVD,Covid19,https://etherscan.io/token/0x6b466b0232640382950c45440ea5b630744eca99,0,,
CVN,CryptoVision,https://hive-engine.com/trade/CVN,0,<@858390190342406204>,
DAI,Dai,https://etherscan.io/token/0x6b175474e89094c44da98b954eedeac495271d0f,18,,
DANK,Dank Token,https://etherscan.io/token/0x0cb8d0b37c7487b11d57f1f33defa2b1d3cfccfe,18,,
DARA,Immutable,https://bscscan.com/token/0x0255af6c9f86f6b0543357bacefa262a2664f80f,18,,
DASH,Dash,https://coinmarketcap.com/currencies/dash/,8,,
DATA,Data Economy Index,https://etherscan.io/token/0x33d63ba1e57e54779f7ddaeaa7109349344cf5f1,18,,
DBL,Doubloon Token,https://arbiscan.io/token/0xd3f1da62cafb7e7bc6531ff1cef6f414291f03d3,18,,
DEEZNUTS,Deez Nuts,https://bscscan.com/token/0x741f72bc9e29f662f2eb41c5ab450a2ca33be57d,18,,
DEPO,Depo,https://etherscan.io/token/0xa5def515cfd373d17830e7c1de1639cb3530a112,18,,
DESK,DESK,https://polygonscan.com/token/0xecfb24be40f88d66bb7a14a4bc7f22bdf6841a93,18,,
DGB,DigiByte,https://coinmarketcap.com/currencies/digibyte/,8,,
DHT,dHEDGE DAO,https://polygonscan.com/token/0x8c92e38eca8210f4fcbf17f0951b198dd7668292,18,,
DIAH,DiarrheaCoin,https://bscscan.com/token/0xB3b9d0c1DC36dFF245933E4Fa0F0449f539cd32a,9,,
DIAHv1,DiarrheaCoin,https://bscscan.com/token/0x77b9e9d4096afe8d4127b244d953817403be37cd,18,,
DIVI,Divi,https://coinmarketcap.com/currencies/divi/,8,,
DNT,district0x,https://etherscan.io/token/0x0abdace70d3790235af448c88547603b945604ea,18,,
DODO,DODO,https://etherscan.io/token/0x43dfc4159d86f3a37a5a4b3d4580b888ad7d4ddd,18,,
DOG,The Doge NFT,https://etherscan.io/token/0xbaac2b4491727d78d2b78815144570b9f2fe8899,18,,
DOGE,Dogecoin,https://coinmarketcap.com/currencies/dogecoin/,8,,
DOOM,Doom,https://etherscan.io/token/0xa4f9cec920ca520a7feb2c3a63050e08967bc111,4,,
DPX,Dopex,https://etherscan.io/token/0xeec2be5c91ae7f8a338e1e5f3b5de49d07afdc81,18,,
DRC,Dracula Token,https://etherscan.io/token/0xb78b3320493a4efaa1028130c5ba26f0b6085ef8,18,,
DSD,Dynamic Set Dollar,https://etherscan.io/token/0xbd2f0cd039e0bfcf88901c98c0bfac5ab27566e3,18,,
DSGN,Design,https://etherscan.io/token/0x537A9095b78517597b5f2058EDcd6E1978095909,4,,
DTR,Dynamic Trading Rights,https://etherscan.io/token/0xd234bf2410a0009df9c3c63b610c09738f18ccd7,8,,
DTUBE,DTube Coin,https://etherscan.io/token/0xd2be3722b17b616c51ed9b8944a227d1ce579c24,2,,
DUDE,Dude,https://etherscan.io/token/0xe98b5f11897d42afd17185dd301bcb2d46389bf1,4,,
DUMA,Duma,https://etherscan.io/token/0x9f4affb8652d3aac1f36431191a8bf0b48dab332,4,,
DVASH,Digiverse Ash,https://bscscan.com/token/0x47d8b4a11f2f95f77f679a3049551fe6fa8e189f,5,,
DVT,DeVault,https://coinmarketcap.com/currencies/devault/,3,,
DXLM,Doge Lumens,https://lobstr.co/trade/native/DXLM:GAE6DWVMZDAOBU4IIPGDM2EJ65PWZQ5X7MI7PUURWKTEVZSEJHRYI247,7,<@895777912857440338>,
DYDX,dYdX,https://etherscan.io/token/0x92D6C1e31e14520e676a687F0a93788B716BEff5,18,,
EGG,NestEgg Coin,https://coinmarketcap.com/currencies/nestegg-coin/,8,,
EGT,ElasticDAO,https://etherscan.io/token/0x2aa5ce395b00cc486159adbdd97c55b535cf2cf9,18,,
EHB,EarnHub,https://bscscan.com/token/0x80CbA4031F7a75B650f4146E5CebA9d7562DF939,9,,
ENH,Enhance V3,https://bscscan.com/token/0xCb6a0c342e0968b3D4AC0C90b8da4edBA74f0385,18,,
EOS,EOS,https://coinmarketcap.com/currencies/eos/,4,,
ESD,Empty Set Dollar,https://etherscan.io/token/0x36f3fd68e7325a35eb768f1aedaae9ea0689d723,18,,
ETC,Ethereum Classic,https://coinmarketcap.com/currencies/ethereum-classic/,18,,
ETH,Ethereum,https://coinmarketcap.com/currencies/ethereum/,18,,
ETHOP,Optimistic Ethereum,https://help.optimism.io/hc/en-us/articles/10800854161563-Centralized-exchanges-that-support-Optimism,18,,
ETN,Electroneum,https://coinmarketcap.com/currencies/electroneum/,2,,
EUROC,Euro Coin,https://etherscan.io/token/0x1aBaEA1f7C830bD89Acc67eC4af516284b1bC33c,6,,
EUT,TerraEUR,https://app-classic.terraswap.io/pairs/terra1lvxedwtrx387034kmf3j5zsaw92z3hwmrn2nq5,6,,
EVRT,Everest Token,https://snowtrace.io/token/0x3aca5545e76746a3fe13ea66b24bc0ebcc51e6b4,18,,
EXPEX,Xchange Token,https://polygonscan.com/token/0xe8E0a026BE04b27eEeeE130678BeF299A6f116eD,18,,
EXRD,e-Radix,https://etherscan.io/token/0x6468e79a80c0eab0f9a2b574c8d5bc374af59414,18,,
FAMILY,Bitcoin Family,https://etherscan.io/token/0x833E4c02c47B7e38f5b9A80b26eb07D23d1961f4,4,,
FARM,Harvest Finance,https://etherscan.io/token/0xa0246c9032bC3A600820415aE600c6388619A14D,18,,
FIELD,Field,https://bscscan.com/token/0x04d50c032f16a25d1449ef04d893e95bcc54d747,18,,
FINA,Defina Finance,https://bscscan.com/token/0x426c72701833fddbdfc06c944737c6031645c708,18,,
FIRST,Harrison First,https://etherscan.io/token/0x9903A4Cd589DA8e434f264deAFc406836418578E,4,,
FISH,Penguin Party Fish,https://etherscan.io/token/0x30bcd71b8d21fe830e493b30e90befba29de9114,18,,
FISHTANK,FISH Tank,https://etherscan.io/token/0x2604e9f68259e609e8744fb67cc410d50fc9aa0f,18,,
FJB,Lets Go Brandon!,https://bscscan.com/token/0xa179248e50ce5afb507fd8c54e08a66fbac7b6ff,9,,
FLAME,FireStarter,https://polygonscan.com/token/0x22e3f02f86bc8ea0d73718a2ae8851854e62adc5,18,,
FLR,Spark,https://flare.network/,18,,
FLUX,Flux,https://coinmarketcap.com/currencies/zel/,8,,
FLVR,Flavors,https://bscscan.com/token/0xF1a45E52d6d11D0e591d4F18DA9D88a4c266b300,9,,
FLX,Reflexer Ungovernance Token,https://etherscan.io/token/0x6243d8cea23066d098a15582d81a598b4e8391f4,18,,
FNDZ,FNDZ Token,https://bscscan.com/token/0x7754c0584372D29510C019136220f91e25a8f706,18,,
FORCER,Forcer,https://etherscan.io/token/0xC1fB6C015fC535aBD331D3029De76a62e412Fb23,4,,
FOX,ShapeShift FOX Token,https://etherscan.io/token/0xc770eefad204b5180df6a14ee197d99d808ee52d,18,,
FRONT,Frontier,https://etherscan.io/token/0xf8C3527CC04340b208C854E985240c02F7B7793f,18,,
FT,Crypto Family Token,https://bscscan.com/token/0x155488a3c962e052c15f9de0f8ee2aae51515747,10,,
GAME,GameCredits,https://etherscan.io/token/0x63f88A2298a5c4AEE3c216Aa6D926B184a4b2437,18,,
GATS,GATS,https://etherscan.io/token/0x4bA93f83b131C2450D5bC1982E3F2a1751Aa8E41,4,,
GBYTE,Obyte,https://coinmarketcap.com/currencies/obyte/,9,,
GCASH,Gcash,https://etherscan.io/token/0xc53f6c2ac35d30cc47ddf3c320874b21dfa38791,4,,
GEN,DAOstack,https://etherscan.io/token/0x543ff227f64aa17ea132bf9886cab5db55dcaddf,18,,
GERT,gertcoin,https://bscscan.com/token/0x29deB024511cDA0F85A5D9a53D160c56F2c96417,18,,
GHST,GHST Token,https://etherscan.io/token/0x3f382dbd960e3a9bbceae22651e88158d2791550,18,,
GIN,GINcoin,https://bitcointalk.org/index.php?topic=2998031.0,8,,
GLXY,Galaxy Coin,https://polygonscan.com/token/0x438374ea6e7aafee3be6f925ba50071dd22ed70b,18,,
GOAT,Goatcoin,https://bscscan.com/token/0x7c67dccb04b67d4666fd97b2a00bb6d9b8d82e3f,18,,
GORE,GORE,https://etherscan.io/token/0xa5f17f8270d9576ea0ab11d49ddf51555fc8be50,18,,
GORN,Gorn,https://etherscan.io/token/0x5B9DeCe6E8E703BFfC25E794e6f5DfaEbd26D543,4,,
GOU,Gou,https://etherscan.io/token/0xb19977b23b40d59254b8f5a0bdb67076b4fa0bc6,4,,
GPL,Gold Pressed Latinum,https://etherscan.io/token/0xeeddaa78e0b2de769e969bd049c8faff3280df97,18,,
GRAIN,GRAIN Token,https://etherscan.io/token/0x6589fe1271a0f29346796c6baf0cdf619e25e58e,18,,
GREEN,GREEN,https://etherscan.io/token/0x9CF140FEB1109dd6E5a602C17a7A5aEd9a9b1DdC,4,,
GTT,Guppy Treat Token,https://polygonscan.com/token/0xB5cB47A8f85628dea29AC7153544867e87Ae6937,4,,
GUILD,BlockchainSpace,https://etherscan.io/token/0x83e9f223e1edb3486f876ee888d76bfba26c475a,18,,
gvVALUEB,GovVault Value,https://bscscan.com/token/0x0610c2d9f6ebc40078cf081e2d1c4252dd50ad15,18,,
GYSR,Geyser,https://etherscan.io/token/0xbea98c05eeae2f3bc8c3565db7551eb738c8ccab,18,,
H4G,Hodl4Gold,https://bscscan.com/token/0xE8c4bEce93084D649fB630886b5332942b643BB9,9,,
HALO,Angel Protocol,https://app-classic.terraswap.io/pairs/terra1syp7rzmgtp9r6m4qlhu9x6luh4ltqyglkd22u3,6,,
HBD,Hive Dollar,https://hive-engine.com/trade/SWAP.HBD,3,,
HC,#HumbleCoin,https://bscscan.com/token/0xf65e64f2a7a625fbd5635dca9487244bc1983a84,18,<@450368405464154112>,
HERO,HERO,https://etherscan.io/token/0x862caA11AbE48c945D5361E80EaF19348C479240,4,,
HEX,HEX,https://etherscan.io/token/0x2b591e99afe9f32eaa6214f7b7629768c40eeb39,8,,
HGH,Matic Mike Juice,https://polygonscan.com/token/0xE97a60f5D34dA4f68bc1f1b9CE2C19Ec1A33E928,18,,
HIVE,Hive,https://coinmarketcap.com/currencies/hive-blockchain/,3,,
HMMM,Hmmm,https://bscscan.com/token/0x88Cf50037f8069071Cd56f641a81b369a5Fd3a42,9,,
HND,Hundred Finance,https://etherscan.io/token/0x10010078a54396f62c96df8532dc2b4847d47ed3,18,,
HNY,Honey,https://gnosisscan.io/token/0x71850b7E9Ee3f13Ab46d67167341E4bDc905Eef9,18,,
HOGE,Hoge Finance,https://etherscan.io/token/0xfad45e47083e4607302aa43c65fb3106f1cd7607,9,,
HONEYD,Honey Deluxe,https://etherscan.io/token/0x40615B82999b8aa46803F11493BeDAB0314EB5E7,18,,
HOWL,Howl,https://etherscan.io/token/0xd1dc64b4bdaab103a72bf4778a33740704aff380,4,,
HPS,Happiness Token,https://bscscan.com/token/0xeda21b525ac789eab1a08ef2404dd8505ffb973d,18,,
HUE,Hue,https://etherscan.io/token/0xdcfe18bc46f5a0cd0d3af0c2155d2bcb5ade2fc5,4,,
HUSH,Hush,https://coinmarketcap.com/currencies/hush/,8,,
HYP,Hypno,https://etherscan.io/token/0x93e4277fd2552922d8668153d0432abc5fbf3994,18,,
ICAP,Invictus Capital Token,https://etherscan.io/token/0xd83C569268930fadAd4cdE6D0cB64450fef32b65,18,,
ICE,Iron Finance,https://polygonscan.com/token/0x4A81f8796e0c6Ad4877A51C86693B0dE8093F2ef,18,,
ICHI,ICHI,https://etherscan.io/token/0x111111517e4929D3dcbdfa7CCe55d30d4B6BC4d6,18,,
IGNT,Ignite Token,https://bscscan.com/token/0x7DA1aBb446c735E2064464b1d125834857dDEE7F,18,,
IHF,Invictus Hyperion Fund,https://etherscan.io/token/0xaf1250fa68d7decd34fd75de8742bc03b29bd58e,18,,
ILV,Illuvium,https://etherscan.io/token/0x767fe9edc9e0df98e07454847909b5e959d7ca0e,18,,
INFO,Infomatix,https://bscscan.com/token/0xdf727040d3997b5d95dee8c661fa96e3c13ee0c9,18,,
INI,Initia,https://etherscan.io/token/0xb5fDe360d9d6D4Dddf6093a39F725081F9C601ae,4,,
INKz,INKz,https://etherscan.io/token/0xd0c37cda48fe5d6ee7132181a90dc58206db5404,18,,
JBX,Juicebox,https://etherscan.io/token/0x3abf2a4f8452ccc2cf7b4c1e4663147600646f66,18,,
jEUR,Jarvis Synthetic Euro,https://etherscan.io/token/0x0f17bc9a994b87b5225cfb6a2cd4d667adb4f20b,18,,
JOE,JOE,https://snowtrace.io/token/0x6e84a6216eA6dACC71eE8E6b0a5B7322EEbC0fDd,18,,
JPX,Japan Excitement Coin,https://etherscan.io/token/0xcd56fC21564FBA45c17D0BF663CCED37f5E22d7e,4,,
JRT,Jarvis Reward Token,https://etherscan.io/token/0x8a9c67fee641579deba04928c4bc45f66e26343a,18,,
JUP,Jupiter,https://bscscan.com/token/0x0231f91e02debd20345ae8ab7d71a41f8e140ce7,18,,
KAMA,KamaGang Community Token,https://etherscan.io/token/0x655217999cbe2f025b1c4036a573fcc1bdd1bae8,18,,
KANDA,Telokanda,https://hive-engine.com/trade/KANDA,8,,
KANGG,Kangdom,https://etherscan.io/token/0x785AfB6062004F52A1d6A4323860e56803bc14D0,4,,
KBN,Koban,https://bscscan.com/token/0x030708208dc29b1688b212081f31cdb59097a67d,18,,
KITTY,Kitty Coin,https://polygonscan.com/token/0xb4228798fF437ecD8fa43429664e9992256fe6Ac,18,,
KMD,Komodo,https://coinmarketcap.com/currencies/komodo/,8,,
KRT,TerraKRW,https://app-classic.terraswap.io/pairs/terra1erfdlgdtt9e05z0j92wkndwav4t75xzyapntkv,6,,
LADZ,LADZ,https://etherscan.io/token/0x1287c0509df9a475Ef178471aB2132b9dfD312B3,4,,
LBC,LBRY Credits,https://coinmarketcap.com/currencies/library-credits/,8,,
LBY,Lobby,https://etherscan.io/token/0xac042d9284df95cc6bd35982f6a61e3e7a6f875b,9,,
LIFE,LIFE,https://etherscan.io/token/0x2Ad128fBEFF2B781D028148DEc82bBe2498Dc08e,4,,
LINK,Chainlink,https://etherscan.io/token/0x514910771af9ca656af840dff83e8264ecf986ca,18,,
LIT,LITonium,https://etherscan.io/token/0x2e3C062E16c1a3a04Ddc5003c62E294305d83684,2,,
LNR,Lunar,https://bscscan.com/token/0xc1A59a17F87ba6651Eb8E8F707db7672647c45bD,18,,
LOOT,Warsaken Loot,https://wax.alcor.exchange/trade/loot-warsaken_wax-eosio.token,4,,
LORDS,LORDS,https://etherscan.io/token/0x686f2404e77ab0d9070a46cdfb0b7fecdd2318b0,18,,
LOTTO,Lotto,https://etherscan.io/token/0xb0dfd28d3cf7a5897c694904ace292539242f858,18,,
LTC,Litecoin,https://coinmarketcap.com/currencies/litecoin/,8,,
LUNC,Terra Luna Classic,https://coinmarketcap.com/currencies/terra-luna/,6,,
LUX,Lux Expression,https://etherscan.io/token/0x88dafebb769311d7fbbeb9a21431fa026d4100d0,18,,
LVL,Level 1,https://hive-engine.com/trade/LVL,8,,
LYRA,Lyra Finance,https://etherscan.io/token/0x01ba67aac7f75f647d94220cc98fb30fcc5105bf,18,,
MARS,Mars Protocol,https://app-classic.terraswap.io/pairs/terra15hmdee6sfyq8vlrwh8ajx3jlns4u9v30mtt8rh,6,,
MARTIA,Martia,https://wax.alcor.exchange/trade/martia-martia_wax-eosio.token,4,,
MARTK,Martkist,https://coinmarketcap.com/currencies/martkist/,8,,
MASQ,MASQ,https://etherscan.io/token/0x06f3c323f0238c72bf35011071f2b5b7f43a054c,18,,
MATIC,Polygon,https://coinmarketcap.com/currencies/polygon/,18,,
MBC,Marblecoin,https://etherscan.io/token/0x8888889213dd4da823ebdd1e235b09590633c150,18,,
MEAD,Thors Mead v1,https://snowtrace.io/token/0x245c2591403e182e41d7a851eab53b01854844ce,8,,
MEM,Memecoin,https://etherscan.io/token/0x42dbbd5ae373fea2fc320f62d44c058522bb3758,18,,
MEOW,Meowshi,https://etherscan.io/token/0x650F44eD6F1FE0E1417cb4b3115d52494B4D9b6D,18,,
MEYERS,Meyers Token,https://bscscan.com/token/0x5d0d52c464d7970af7f537c2963aa09fbaf6dde0,9,,
MFT,Mainframe,https://etherscan.io/token/0xdf2c7238198ad8b389666574f2d8bc411a4b7428,18,,
MIMATIC,MAI,https://polygonscan.com/token/0xa3Fa99A148fA48D14Ed51d610c367C61876997F1,18,,
MIR,Mirror Protocol,https://app-classic.terraswap.io/pairs/terra15vuax7dp574agd0p7pqc0t634h29y89t56al0q,6,,
MIST,Alchemist,https://etherscan.io/token/0x88acdd2a6425c3faae4bc9650fd7e27e0bebb7ab,18,,
MM,Moose,https://etherscan.io/token/0xcf0425a35f1fa900bb347cb996d3094d1df3cd48,4,,
MNFT,MagNFT,https://etherscan.io/token/0xdb7eb3ede973665b1bb9f3016861e3255062e4ed,4,,
MNFTCoin,MongolNFT,https://etherscan.io/token/0x3235B13708F178Af6F110dE7177ED5De10c1093d,18,,
MNT,TerraMNT,https://app-classic.terraswap.io/pairs/terra16pwrn7frj4d8r4dfc3l8y3xkt5uk2505ad7nvm,6,,
MONSTA,Cake Monster,https://bscscan.com/token/0x8A5d7FCD4c90421d21d30fCC4435948aC3618B2f,18,,
MOONER,CoinMooner,https://bscscan.com/token/0x34E942859469c9dB9C22F4eAF866E2c2401BB795,18,,
MOONIE,Moonie,https://bscscan.com/token/0x1d5bf045d1651a411138fe7da5fc5e023f26cb70,18,<@749642709081260133>,
MORK,MORK,https://etherscan.io/token/0xf552b656022c218C26dAd43ad88881Fc04116F76,4,,
MPH,88mph,https://etherscan.io/token/0x8888801af4d980682e47f1a9036e589479e835c5,18,,
MRP,MORPHINE,https://bscscan.com/token/0xb8608f270497764a10c28bfe75454f68b31ba2b1,9,,
MSG,MoonSuGar,https://etherscan.io/token/0x47b3c81b476af7ce784ed9435e1ababfe88342f3,18,,NO LIQUIDITY
MTA,Meta,https://etherscan.io/token/0xa3bed4e1c75d00fa6f4e5e6922db7261b5e9acd2,18,,
MTL,Metal,https://etherscan.io/token/0xf433089366899d83a9f26a773d59ec7ecf30355e,8,,
NANO,Nano,https://coinmarketcap.com/currencies/nano/,30,,
NBMACT,Actium,https://wax.alcor.exchange/trade/nbmact-battleminers_wax-eosio.token,6,,
NBMCON,Constructium,https://wax.alcor.exchange/trade/nbmcon-battleminers_wax-eosio.token,6,,
NBMFUS,Fusium,https://wax.alcor.exchange/trade/nbmfus-battleminers_wax-eosio.token,6,,
NBMMIN,Minium,https://wax.alcor.exchange/trade/nbmmin-battleminers_wax-eosio.token,6,,
NCT,Name Change Token,https://etherscan.io/token/0x8a9c4dfe8b9d8962b31e4e16f8321c44d48e246e,18,,
NDX,Indexed Finance,https://etherscan.io/token/0x86772b1409b61c639eaac9ba0acfbb6e238e5f83,18,,
NEOXAG,Neoxian Silver,https://hive-engine.com/trade/NEOXAG,8,,
NESS,ness,https://etherscan.io/token/0x370DaE2AB60ECbc0EE793E837D94ca8040Dd6786,4,,
NFD,Feisty Doge NFT,https://etherscan.io/token/0xDFDb7f72c1F195C5951a234e8DB9806EB0635346,18,,
NFTART,NFT Art Finance,https://bscscan.com/token/0xf7844cb890f4c339c497aeab599abdc3c874b67a,9,<@260509852353167362>,
NFTL,Nifty League,https://etherscan.io/token/0x3c8d2fce49906e11e71cb16fa0ffeb2b16c29638,18,,
NIM,Nimiq,https://coinmarketcap.com/currencies/nimiq/,5,,
NINKY,Idle Ninja Online,https://bscscan.com/token/0x90422d35496e8ed3391971dbec894e4a8057081f,18,,
NITRO,Nitro League,https://polygonscan.com/token/0x695fc8b80f344411f34bdbcb4e621aa69ada384b,18,,
NST,Ninja Squad,https://etherscan.io/token/0x70bef3bb2f001da2fddb207dae696cd9faff3f5d,18,,
NUME,NumisMe,https://etherscan.io/token/0x34769d3e122c93547836addd3eb298035d68f1c3,18,,
OATS,Oats,https://etherscan.io/token/0x3C8F860423405A700f9F20e94c742eC38FD17735,4,,
OCEAN,Ocean Protocol,https://etherscan.io/token/0x967da4048cD07aB37855c090aAF366e4ce1b9F48,18,,
OHM,Olympus v1,https://etherscan.io/token/0x383518188c0c6d7730d91b2c03a03c837814a899,9,,
OIL,OIL,https://etherscan.io/token/0x5fe8c486b5f216b9ad83c12958d8a03eb3fd5060,18,,
OK,Wrapped Okcash,https://bscscan.com/token/0x523821d20a283d955f6205B4C9252779Cd0f964B,18,,
oklg,ok.lets.go.,https://bscscan.com/token/0x55e8b37a3c43b049dedf56c77f462db095108651,9,,
oneFOX,oneFOX,https://etherscan.io/token/0x03352D267951E96c6F7235037C5DFD2AB1466232,18,,
oneMPH,oneMPH,https://etherscan.io/token/0xbe3f88e18be3944fdda830695228adbb82fa125f,18,,
ONI,ONI,https://wax.alcor.exchange/swap?output=ONI-t.taco,4,<@380176854239281153>,
opSNX,Synthetix Network Token,https://optimistic.etherscan.io/token/0x8700daec35af8ff88c16bdf0418774cb3d7599b4,18,,
opsUSD,sUSD,https://optimistic.etherscan.io/token/0x8c6f28f2f1a3c87f0f938b96d27520d9751ec8d9,18,,
opTHALES,Thales,https://optimistic.etherscan.io/token/0x217d47011b23bb961eb6d93ca9945b7501a5bb11,18,,
PAGE,Page,https://etherscan.io/token/0x60e683c6514edd5f758a55b6f393bebbafaa8d5e,8,,
PAINT,MurAll,https://etherscan.io/token/0x4c6ec08cf3fc987c6c4beb03184d335a2dfc4042,18,,
PANTHER,PantherSwap,https://bscscan.com/token/0x1f546ad641b56b86fd9dceac473d1c7a357276b7,18,,
pAPW,APWine,https://polygonscan.com/token/0x6c0ab120dbd11ba701aff6748568311668f63fe0,18,,
pARKES,Arke Token,https://polygonscan.com/token/0x0784d958ee09ff8e876a82d3c6e798912c0f0a11,18,,
PATH,PathDAO,https://etherscan.io/token/0x2a2550e0A75aCec6D811AE3930732F7f3ad67588,18,,
PAWS,Paws Funds,https://www.coingecko.com/en/coins/paws-funds,8,,
pBANANA,Banana,https://polygonscan.com/token/0xbc91347e80886453f3f8bbd6d7ac07c122d87735,18,,
pCDS,Crypto Development Services,https://polygonscan.com/token/0x23f07a1c03e7c6d0c88e0e05e79b6e3511073fd5,8,<@665504410931036170>,
PDD,PolyDogeDollar,https://polygonscan.com/token/0x146e58d34eab0bff7e0a63cfe9332908d680c667,18,,
PEACH,Peach,https://etherscan.io/token/0xb0dd2Cf11D0787146520ab39fbDC382F78dABb16,18,,
PENCIL,Pencil,https://etherscan.io/token/0x607DF06d771bd72c14A4031d1647CaD8cA1af268,18,,
PERP,Perpetual Protocol,https://etherscan.io/token/0xbC396689893D065F41bc2C6EcbeE5e0085233447,18,,
PEVRT,Charged EVRT,https://snowtrace.io/token/0x451d00af6e751537a9a2cff40cdfb1119cd1fa7d,18,,
PGEN,Polygen,https://polygonscan.com/token/0x01d35cbc2070a3b76693ce2b6364eae24eb88591,18,,
PHTK,Phun Token,https://etherscan.io/token/0x1fee5588cb1de19c70b6ad5399152d8c643fae7b,18,,
PICA,PICA,https://etherscan.io/token/0x1eCe1739DAE08253aE582C404511B37355B42C84,4,,
PICKLE,Pickle Finance,https://etherscan.io/token/0x429881672B9AE42b8EbA0E26cD9C73711b891Ca5,18,,
PINS,Les Collectionneurs,https://etherscan.io/token/0xf4922496163E8176CeD096ED80c67ca8ea2168D6,18,,
PIVX,PIVX,https://coinmarketcap.com/currencies/pivx/,8,,
PIXA,PIXA Token,https://polygonscan.com/token/0xca8c6dea40a6de9be3b4c73a1aefaafdb4754f73,0,,
PIXEL,Pixel,https://etherscan.io/token/0x1e906717de2e4a4600f13b6909736b0346bdde3e,4,,
PIZZA,Pizza,https://hive-engine.com/trade/PIZZA,2,,
PKR,Polker,https://bscscan.com/token/0xc49dde62b4a0810074721faca54aab52369f486a,18,,
PLAY,PLAY,https://etherscan.io/token/0xc53a9c309ee2f3e333bd6eca806a31d0e2dca5c5,4,,
PLU,Pluton,https://etherscan.io/token/0xD8912C10681D8B21Fd3742244f44658dBA12264E,18,,
PMASQ,MASQ,https://polygonscan.com/token/0xee9a352f6aac4af1a5b9f467f6a93e0ffbe9dd35,18,,
pMEM,Memecoin,https://polygonscan.com/token/0x42dbbd5ae373fea2fc320f62d44c058522bb3758,18,,
pNFD,Feisty Doge NFT,https://polygonscan.com/token/0x0a5926027d407222f8fe20f24cb16e103f617046,18,,
PNG,Pangolin,https://snowtrace.io/token/0x60781C2586D68229fde47564546784ab3fACA982,18,,
POA,POA Network,https://coinmarketcap.com/currencies/poa/,18,,
POTS,Moonpot,https://bscscan.com/token/0x3fcca8648651e5b974dd6d3e50f61567779772a8,18,,
POW,Metahero Universe,https://etherscan.io/token/0x43Ab765ee05075d78AD8aa79dcb1978CA3079258,18,,
PPC,Peercoin,https://coinmarketcap.com/currencies/peercoin/,6,,
PPO,prePO Token,https://arbiscan.io/token/0xb40dbbb7931cfef8be73aeec6c67d3809bd4600b,18,,
PRBS,Poorbucks,https://etherscan.io/token/0x41903AdceB543edeB573Af9baBe1e57412546A2f,4,,
prkl,Rickle,https://polygonscan.com/token/0x9fDC23fe295104Ac55fef09363c56451D0E37CFA,18,<@696000898568028170>,
pSTAK,Jigstack,https://polygonscan.com/token/0x46a5d492788f8afdfc743ab7d7bd13f996249ed5,18,,
pSWD,SW DAO,https://polygonscan.com/token/0xaee24d5296444c007a532696aada9de5ce6cafd0,18,,
pTREAT,TREAT,https://polygonscan.com/token/0x5d0915f929fc090fd9c843a53e7e30335dd199bc,18,,
pUNT,Universe Finance Token,https://polygonscan.com/token/0xc46DB78Be28B5F2461097ed9e3Fcc92E9FF8676d,18,,
PURR,Purrnelope's Country Club,https://etherscan.io/token/0xE581F272706581F9Dcc362dF3C7934E99192c492,18,,
PUSSY,Pussy Financial,https://etherscan.io/token/0x9196e18bc349b1f64bc08784eae259525329a1ad,18,,
PYGOZ,PYGOZ,https://etherscan.io/token/0xbB98Fc1fD1080D2B8bdaD75c51D30B50c6F59b62,4,,
PYO,Pyrrho,https://bscscan.com/token/0xe6DF015f66653EcE085A5FBBa8d42C356114ce4F,18,,
PYRO,PYRO Network,https://etherscan.io/token/0x14409B0Fc5C7f87b5DAd20754fE22d29A3dE8217,18,,
PZUG,ZUG,https://polygonscan.com/token/0xeb45921FEDaDF41dF0BfCF5c33453aCedDA32441,18,,
QI,Qi Dao,https://polygonscan.com/token/0x580a84c73811e1839f75d86d75d88cca0c241ff4,18,,
R0OK,r0ok Token,https://bscscan.com/token/0xb8cbc5dd532c32a16f565ca6bd3cc2da8015bb2d,9,,
RADS,RADS,https://wax.alcor.exchange/trade/rads-radshroomers_wax-eosio.token,4,,
RAI,Rai Reflex Index,https://etherscan.io/token/0x03ab458634910aad20ef5f1c8ee96f1d6ac54919,18,,
RARE,Rare,https://etherscan.io/token/0x81B1bFD6CB9Ad42DB395c2a27F73D4DCf5777e2D,4,,
RDD,Reddcoin,https://coinmarketcap.com/currencies/redd/,8,,
rDPX,Dopex Rebate Token,https://etherscan.io/token/0x0ff5a8451a839f5f0bb3562689d9a44089738d11,18,,
REFLECTO,Reflecto,https://bscscan.com/token/0xEA3C823176D2F6feDC682d3cd9C30115448767b3,9,,
REP,YakuzaRep,https://etherscan.io/token/0xCC13c4995FdF51d163D97e90FCA5423dFeC0f3Bb,18,,
RIC,Riecoin,https://www.coingecko.com/en/coins/riecoin,8,,
RIOT,Riot Racers,https://etherscan.io/token/0xf56408077487cb879c992909c5b5c66d68c02eb4,18,,
rkl,Rickle,https://etherscan.io/token/0x0ff80a1708191c0da8aa600fa487f7ac81d7818c,18,<@696000898568028170>,
RNG,Random Number Generator,https://etherscan.io/token/0xa2f96EF6ed3d67A0352e659B1E980f13e098619F,4,,
RODZ,RODZ,https://etherscan.io/token/0xA685D6f87E3bE27D72Ce216842147c4149e0Ce9a,4,,
ROY,Royale,https://polygonscan.com/token/0x68EE0D0aad9e1984aF85CA224117E4D20eaF68BE,18,,
RUG,RUGCOIN,https://etherscan.io/token/0xc7f572c19119ba735ca301bc6ca176bc2d2ad261,18,,
RUSH,SAND RUSH,https://etherscan.io/token/0xF3b229EAFB3d0C752788014631b3dFDd70817d37,4,,
RVL,REVIVAL,https://bscscan.com/token/0x7eaee60040135f20f508a393ca400ded339d654e,9,,
RVLX,REVIVALX,https://bscscan.com/token/0xcEb244A0E126f6CCbf37d631c7b102cf3e11a536,18,,
RVN,Ravencoin,https://www.coingecko.com/en/coins/ravencoin,8,,
RWASTE,RadioactiveWaste,https://etherscan.io/token/0x5cd2fac9702d68dde5a94b1af95962bcfb80fc7d,18,,
RYO,Ryo Currency,https://www.coingecko.com/en/coins/ryo-currency,9,,
SACT,srnArtGallery,https://bscscan.com/token/0x1ba8c21c623c843cd4c60438d70e7ad50f363fbb,18,,
SAFE,AllSafe,https://www.coingecko.com/en/coins/allsafe,8,,
SAN,Santiment Network Token,https://etherscan.io/token/0x7c5a0ce9267ed19b22f8cae653f198e3e8daf098,18,,
SAND,San Diego Coin,https://etherscan.io/token/0x7c5a0ce9267ed19b22f8cae653f198e3e8daf098,18,,
SBD,Steem Dollars,https://hive-engine.com/trade/SWAP.SBD,3,,
SCB,SCB,https://etherscan.io/token/0x8aaa0d43cc86ed98b7aa9c8e1f87a319cd873dc4,4,,
SCCN,ShayCryptoCoin,https://bscscan.com/token/0x4DF3725e670da0f07a8723B7B059B1cae857f8Ac,9,,
SCOTT,SCOTT,https://etherscan.io/token/0x27fd686db10e0ae047fe8fe1de9830c0e0dc3cfa,4,,
SCSG,StarCard Sports Games,https://polygonscan.com/token/0x3690cD4d03C08a57d1f264c68Ed0c4153c6867Ca,18,,
SDOLLAR,Space Dollar,https://app-classic.terraswap.io/pairs/terra1xg0qv3utuzekl6sq40kkvv8mmtqgs40hc94yf3,2,,
SEED,MetaGame,https://etherscan.io/token/0x30cF203b48edaA42c3B4918E955fED26Cd012A3F,18,,
SFM,SafeMoon,https://bscscan.com/token/0x42981d0bfbAf196529376EE702F2a9Eb9092fcB5,9,,
SFUND,Seedify.fund,https://bscscan.com/token/0x477bc8d23c634c154061869478bce96be6045d12,18,,
SHBAR,Shilly Bar,https://bscscan.com/token/0xf3bebb4f2d348e44cc4547cba2f96c214fe5a25a,18,,
SHELL,Shellinium,https://wax.alcor.exchange/trade/shell-token.gr_wax-eosio.token,4,,
SHERPA,Sherpa,https://snowtrace.io/token/0xa5e59761ebd4436fa4d20e1a27cba29fb2471fc6,18,,
SHIB,Shiba Inu,https://etherscan.io/token/0x95ad61b0a150d79219dcf64e1e6cc01f0b64c4ce,18,,
SHING,SHING,https://wax.alcor.exchange/trade/shing-t.taco_wax-eosio.token,4,,
SHINY,Shiny,https://etherscan.io/token/0xc150bAc3Cd3678aCB2C093E433BED40a6eF08542,18,,
SHO,SHO Token,https://etherscan.io/token/0xf9abaeec0334fd30804446db7423abe0c02ef47d,18,,
SHOCK,AfterShock,https://etherscan.io/token/0x62d69910f45b839903eFfd217559307AEc307076,18,,
SHROOM,Niftyx Protocol,https://etherscan.io/token/0xed0439eacf4c4965ae4613d77a5c2efe10e5f183,18,,
SHX,Stronghold,https://lobstr.co/trade/native/SHX:GDSTRSHXHGJ7ZIVRBXEYE5Q74XUVCUSEKEBR7UCHEUUEK72N7I7KJ6JH,7,,
SIGNAL,RADAR,https://polygonscan.com/token/0x9b532fFa57631d77163BE75E965E6AdFc3b81510,18,,
sILV,Escrowed Illuvium,https://etherscan.io/token/0x398aea1c9ceb7de800284bb399a15e0efe5a9ec2,18,,
sILV2,Escrowed Illuvium 2,https://etherscan.io/token/0x7e77dcb127f99ece88230a64db8d595f31f1b068,18,,
SIN,SINOVATE,https://coinmarketcap.com/currencies/sinovate/,8,,
SISTA,srnArtGallery Tokenized Arts,https://bscscan.com/token/0xca6d25c10dad43ae8be0bc2af4d3cd1114583c08,18,,
SKILL,CryptoBlades,https://bscscan.com/token/0x154a9f9cbd3449ad22fdae23044319d6ef2a1fab,18,,
SKMT,Soakmont v2,https://bscscan.com/token/0x1B2fdB1626285B94782af2Fda8e270E95cEbC3b4,18,,
SKR,SKRSKR,https://polygonscan.com/token/0x46c2c34c8a9722da85ba2f5efa7c7283d56b8c75,18,,
SKULL,Skull,https://etherscan.io/token/0xbcc66ed2ab491e9ae7bf8386541fb17421fa9d35,4,,
SMBElon,SMBElon Token,https://bscscan.com/token/0x609f59c97ddf58475c7d3f3fc829c3ff9fc4f76f,18,,
SMTF,SmartFi,https://bscscan.com/token/0x11fd9ed04f1eb43ef9df6425a6990609f2468895,18,,
SNOB,Snowball,https://snowtrace.io/token/0xC38f41A296A4493Ff429F1238e030924A1542e50,18,,
SNOW,SnowSwap,https://etherscan.io/token/0xfe9A29aB92522D14Fc65880d817214261D8479AE,18,,
SNV,Nouveau,https://etherscan.io/token/0x0ab93c6be61a8f30b465b71383207fbdcef1a722,4,,
SNX,Synthetix Network Token,https://etherscan.io/token/0xc011a73ee8576fb46f5e1c5751ca3b9fe0af2a6f,18,,
SOFRESH,Social Fresh DAO,https://polygonscan.com/token/0xc0756e67e5363a000912CA074eD6F0647BC339fE,18,,
SOL,Solana,https://coinmarketcap.com/currencies/solana/,9,,
SOS,OpenDAO,https://etherscan.io/token/0x3b484b82567a09e2588a13d54d032153f0c0aee0,18,,
SPOTX,The Crypto Spot,https://bscscan.com/token/0x5be7CF70a88A57df4Ff5CdB5b37083B1f3259D56,18,,
SSV,SSV Network,https://etherscan.io/token/0x9D65fF81a3c488d585bBfb0Bfe3c7707c7917f54,18,,
ST,SlickToken,https://stellarasset.com/en/assets/23941-slicktoken,7,,DEAD
STAK,Jigstack,https://etherscan.io/token/0x1f8a626883d7724dbd59ef51cbd4bf1cf2016d13,18,,
STAKE,xDAI Stake,https://etherscan.io/token/0x0Ae055097C6d159879521C384F1D2123D1f195e6,18,,
STARDUST,Stardust,https://polygonscan.com/token/0x5ab5e0f2eb410acedb30e365c20572dc8ab4c4a8,18,,
STATICLP,ChargeDeFi,https://bscscan.com/token/0x69758726b04e527238B261ab00236AFE9F34929D,18,,
STEADY,Steady,https://etherscan.io/token/0xf42De14aBbdA1244D66b12387cb87fC91EfcFE85,4,,
STEEM,Steem,https://hive-engine.com/trade/SWAP.STEEM,3,,
STG,StageCoin,https://bscscan.com/token/0xe720626b185ccecf3f225cb8ac6f849040bb2215,18,,
STRIP,Strip Coin,https://etherscan.io/token/0x2DC0423d8f92DD39A800578dE2Dc41Aaa59f3d39,18,,
STRN,Strain,https://etherscan.io/token/0x90b426067be0b0ff5de257bc4dd6a4815ea03b5f,18,,
suINT,SU integrations,https://polygonscan.com/token/0x7804a0b150c15fdc1d3bbf311e8f0569d55a1bbf,18,,NO LIQUIDITY
SUSD,sUSD,https://etherscan.io/token/0x57Ab1ec28D129707052df4dF418D58a2D46d5f51,18,,
SUSHI,Sushi,https://etherscan.io/token/0x6b3595068778dd592e39a122f4f5a5cf09c90fe2,18,,
SWAGG,SWAGG,https://etherscan.io/token/0xa19A40FbD7375431fAB013a4B08F00871B9a2791,4,,
SWTH,Switcheo,https://bscscan.com/token/0x250b211ee44459dad5cd3bca803dd6a7ecb5d46c,8,,
TACO,Taco,https://wax.alcor.exchange/trade/taco-t.taco_wax-eosio.token,4,<@380176854239281153>,
TBB,Trade Butler Bot,https://etherscan.io/token/0x4a7adcb083fe5e3d6b58edc3d260e2e61668e7a2,18,,
TBS,TheBlackSea,https://etherscan.io/token/0x6bfbef897a4715f7aa0c95a258071e3cd1160091,4,,
TEMPCITY,CITYDAO,https://polygonscan.com/token/0x882242b344e15daaa3f2437dc97fb4e1a531faa7,18,<@749642709081260133>,NO LIQUIDITY
THALES,Thales,https://etherscan.io/token/0x8947da500eb47f82df21143d0c01a29862a8c3c5,18,,
THANKS,THANKS,https://etherscan.io/token/0x443dC1c35cf812156C840Fe90639836C8a7371b0,4,,
THC,Tetra Hydrinium Credit,https://wax.alcor.exchange/swap?output=THC-token.faded,4,,
TIC,ElasticSwap,https://snowtrace.io/token/0x75739a693459f33B1FBcC02099eea3eBCF150cBe,18,,
TKL,Tokel,https://coinmarketcap.com/currencies/tokel/,8,<@493734328224841739>,
TKN,Monolith,https://etherscan.io/token/0xaaaf91d9b90df800df4f55c205fd6989c977e73a,8,,
TLOS,Telos,https://coinmarketcap.com/currencies/telos/,4,,
TMDC,Take My Doge Coin,https://bscscan.com/token/0x1b0aea8a30b3e15c1eab62c46be8acf2454492bd,9,,
TOCIUM,Tocium,https://wax.alcor.exchange/trade/tocium-toc.century_wax-eosio.token,4,,
TRADE,Polytrade,https://polygonscan.com/token/0x692ac1e363ae34b6b489148152b12e2785a3d8d6,18,,
TRIPS,Trips on Gnosis,https://blockscout.com/xdai/mainnet/token/0x479e32cDFF5F216f93060700C711D1cC8E811a6B/token-transfers,19,,
TRC,Taco Racers,https://wax.alcor.exchange/swap?output=TRC-trgametokens,4,<@380176854239281153>,
TRS,TraderSquare,https://etherscan.io/token/0x1ef4d930097d30689b16945aa8286c62ce7f75df,4,,NO LIQUIDITY
TRU,TrueFi,https://etherscan.io/token/0x4c19596f5aaff459fa38b0f7ed92f11ae6543784,8,,
TRX,TRON,https://coinmarketcap.com/currencies/tron/,6,,
TT,ThunderCore,https://www.coincarp.com/currencies/thundercore/price/,18,,
TVK,Terra Virtua Kolect,https://etherscan.io/token/0xd084b83c305dafd76ae3e1b4e1f1fe2ecccb3988,18,,
UBI,Universal Basic Income,https://etherscan.io/token/0xdd1ad9a21ce722c151a836373babe42c868ce9a4,18,,
UCD,UniCandy,https://etherscan.io/token/0xB1Db366890EeB8f28C2813C6a6084353e0b90713,18,,
uDAO,uDAO,https://etherscan.io/token/0x0a12134deafd468ba484993a1ed94e81ddc4d9e5,18,,
uINT,UMA Integrations Option,https://etherscan.io/token/0x760440494a6f118eaadbeff41c373093f9603701,18,,NO LIQUIDITY
UMA,UMA,https://etherscan.io/token/0x04Fa0d235C4abf4BcF4787aF4CF447DE572eF828,18,,
UNI,Uniswap,https://etherscan.io/token/0x1f9840a85d5af5bf1d1762f925bdaddc4201f984,18,,
USDC,USD Coin,https://etherscan.io/token/0xa0b86991c6218b36c1d19d4a2e9eb0ce3606eb48,6,,
USDe,USDearn,https://bscscan.com/token/0x4d251240f86bcaaab5cb9271b0340c87b2ad8a77,18,<@320687103144886272>,
USDT,Tether USD,https://etherscan.io/token/0xdac17f958d2ee523a2206206994597c13d831ec7,6,,
USELESS,Useless,https://bscscan.com/token/0x60d66a5152612f7d550796910d022cb2c77b09de,18,,
UST,TerraUSD,https://app-classic.terraswap.io/pairs/terra1l7vy20x940je7lskm6x9s839vjsmekz9k9mv7g,6,,
uTVL0621,uTVL-0621,https://etherscan.io/token/0x21ae9e080a53ab98cc1266ed1c8cc27ffd3256d5,18,,
VAFFA,VAFFA,https://bscscan.com/token/0x4927051cd9fc451ab39453ca3432d97334bb254c,18,,
VAFFAOPT,Vaffa Options,https://bscscan.com/token/0x8a79553c471ca87172874e9b76eea70c68732b98,18,,
VAL,Validity,https://www.coingecko.com/en/coins/validity,8,<@483114154153082881>,
VALUE,Value,https://etherscan.io/token/0x49e833337ece7afe375e44f4e3e8481029218e5c,18,,
VAULT,VAULT,https://coinmarketcap.com/currencies/vault/,8,,
VAULTX,VaultDeFi,https://bscscan.com/token/0x92da405b6771c9caa7988a41dd969a73d10a3cc6,9,,
vBSWAP,vBSWAP,https://bscscan.com/token/0x4f0ed527e8a95ecaa132af214dfd41f30b361600,18,,
VGC,5G-CASH,https://www.coingecko.com/en/coins/5g-cash,8,,
VIBE,Vibe Token,https://etherscan.io/token/0xe7fd8ab781bf7654cfcce2ace6eefabae0891996,9,,
VINU,Vita Inu,https://bscscan.com/token/0xfebe8c1ed424dbf688551d4e2267e7a53698f0aa,18,<@858442088155709462>,
VOLT,Voltage,https://etherscan.io/token/0xfFbF315f70E458e49229654DeA4cE192d26f9b25,18,,
VOXEL,Voxies,https://polygonscan.com/token/0xd0258a3fd00f38aa8090dfee343f10a9d4d30d3f,18,,
VRSC,Verus Coin,https://coinmarketcap.com/currencies/veruscoin/,8,,
VTC,Vertcoin,https://coinmarketcap.com/currencies/vertcoin/,8,,
WARP,WARP,https://etherscan.io/token/0xc14338C0eaa4bf7E4473C9DD7226001C8ae3B454,4,,
WARRR,Wrapped Pirate Chain,https://bscscan.com/token/0xcdaf240c90f989847c56ac9dee754f76f41c5833,8,,
WATER,Water,https://etherscan.io/token/0x349d15d9ae4b42661bf18d28bbec86995099b8f9,18,,
WAXP,WAX,https://coinmarketcap.com/currencies/wax/,8,,
WCK,Wrapped CryptoKitties,https://etherscan.io/token/0x09fE5f0236F0Ea5D930197DCE254d77B04128075,18,,
WDVT,Wrapped DeVault,https://bscscan.com/token/0xa47d132bfc00bc7b1b99238e08b91f1a08ccdbf3,18,,
wEGG,Wrapped NestEgg Coin,https://bscscan.com/token/0xeacc57176c0dbe53e50e7b2ff73b32d354a4ef01,18,,
WGM,WGM,https://etherscan.io/token/0x219803d17f3067eb53d521ba8948d2734f402f7d,4,,
WHALE,WHALE,https://etherscan.io/token/0x9355372396e3F6daF13359B7b607a3374cc638e0,4,,
WHSKI,Whiski,https://etherscan.io/token/0x4c0a395b211e7ece8b93146f5fa3671547998b8f,18,,
WIN,Winston,https://bscscan.com/token/0x75578ebBefe274F240B8E1b5859cA34f342157D9,18,<@696000898568028170>,
WIPC,WIPcoin,https://etherscan.io/token/0xab47fbe8a0b75baa4ef846e99f6bb3b52007a115,18,,
WMARTK,Wrapped Martkist,https://etherscan.io/token/0x4267a2097012fcf20d9a97e18ced71cffdf4b31b,8,,
WMUE,Wrapped MonetaryUnit,https://bscscan.com/token/0x00abaa93faf8fdc4f382135a7a56f9cf7c3edd21,18,,
WNYC,Wrapped NewYorkCoin,https://bscscan.com/token/0x6c015277b0f9b8c24b20bd8bbbd29fdb25738a69,18,,
WOO,Wrestling Organization Online,https://hive-engine.com/trade/WOO,8,,
WOW,Wownero,https://coinmarketcap.com/currencies/wownero/,11,,
WRLD,TheWorldsAMine,https://etherscan.io/token/0xb2cf3a438acf46275839a38db7594065f64151d3,18,,
WSAFE,Wrapped Safe,https://bscscan.com/token/0x6561d88819571cb40c22acd24d927ebe1829c8ca,9,,
WURST,Wurst,https://etherscan.io/token/0x26fE5f779AeE2c6E2099610d470679c6bAC0FFfA,4,,
X7R,X7R,https://etherscan.io/token/0x70008f18fc58928dce982b0a69c2c21ff80dca54,18,,
XAUT,Tether Gold,https://etherscan.io/token/0x68749665ff8d2d112fa859aa293f07a622782f38,6,,
xDAI,xDai Chain,https://coinmarketcap.com/currencies/xdaistable/,18,,
XDOGE,ClassicDoge,https://bscscan.com/token/0xB68A34756D8A92CCc821EFfA03d802846594b64E,18,,
xFOX,ShapeShift FOX Token,https://gnosisscan.io/token/0x21a42669643f45Bc0e086b8Fc2ed70c23D67509d,18,,
XFT,Offshift,https://etherscan.io/token/0xabe580e7ee158da464b51ee1a83ac0289622e6be,18,,
xGIV,Giveth,https://gnosisscan.io/token/0x4f4f9b8d5b4d0dc10506e5551b0513b61fd59e75,18,,
XHUMAN,Xhuman,https://etherscan.io/token/0x40aeea2e6c280e41cb88ec05673ba6c027c9c30c,4,,
xICHI,xICHI,https://etherscan.io/token/0x70605a6457B0A8fBf1EEE896911895296eAB467E,9,,
XIO,Blockzero Labs,https://etherscan.io/token/0x0f7F961648aE6Db43C75663aC7E5414Eb79b5704,18,,
XJP,eXciting Japan Coin,https://etherscan.io/token/0x604026696fDB3C6720AE3049C46d59AC604dEA0A,18,,
XLA,Scala,https://coinmarketcap.com/currencies/scala/,2,,
XLM,Stellar,https://coinmarketcap.com/currencies/stellar/,7,,
XMR,Monero,https://coinmarketcap.com/currencies/monero/,12,,
XMT,Metal,https://www.protonscan.io/tokens/XMT-proton-xtokens,8,,
xNANA,Synth Banana,https://etherscan.io/token/0x13a1105d770c19f0bc7eaa63cb3f7b5b06f01966,18,,
XPR,Proton,https://coinmarketcap.com/currencies/proton/,4,,
XRP,XRP,https://coinmarketcap.com/currencies/xrp/,6,,
XTK,xToken,https://etherscan.io/token/0x7f3edcdd180dbe4819bd98fee8929b5cedb3adeb,18,,
XTZ,Tezos,https://coinmarketcap.com/currencies/tezos/,6,,
XVG,Verge,https://coinmarketcap.com/currencies/verge/,6,,
XYO,XYO Network,https://etherscan.io/token/0x55296f69f40ea6d20e478533c15a6b08b654e758,18,,
YAM,YAM,https://etherscan.io/token/0x0AaCfbeC6a24756c20D41914F2caba817C0d8521,18,,
YAX,YAX,https://etherscan.io/token/0xb1dc9124c395c1e97773ab855d66e879f053a289,18,,
YAXIS,YAXIS,https://etherscan.io/token/0x0ada190c81b814548ddc2f6adc4a689ce7c1fe73,18,,
YGG,Yield Guild Games,https://etherscan.io/token/0x25f8087ead173b73d6e8b84329989a8eea16cf73,18,,
YUI,Yui Finance,https://etherscan.io/token/0x25f8087ead173b73d6e8b84329989a8eea16cf73,18,,
YUM,Yum Yums,https://etherscan.io/token/0x5a046140d8594369076feec4ee08bd6fea1bfe80,18,,
YUMI,Yumi,https://etherscan.io/token/0x25859743ED0861665611B81E47682e889b48313B,4,,
ZAPH,ZAPH Token,https://etherscan.io/token/0x9F675e2C53ED88168E5928747CAf31062Da24f21,4,,
ZDEX,Zeedex,https://etherscan.io/token/0x5150956e082c748ca837a5dfa0a7c10ca4697f9c,18,,
ZEC,Zcash,https://coinmarketcap.com/currencies/zcash/,8,,
ZEN,Horizen,https://coinmarketcap.com/currencies/horizen/,8,,
ZER,Zero,https://coinmarketcap.com/currencies/zero/,8,,
ZINGOT,ZINGOT,https://etherscan.io/token/0x8deefebd24ef87e3f7aef2057a002a8e91837801,18,,
ZOMB,ZOMB,https://wax.alcor.exchange/trade/zomb-zombietokens_wax-eosio.token,4,,
ZRX,0x,https://etherscan.io/token/0xe41d2489571d322189246dafa5ebde1f4699f498,18,,
ZUG,ZUG,https://etherscan.io/token/0xfee5f54e1070e7ed31be341e0a5b1e847f6a84ab,18,,
ZYN,Zuelyen,https://bscscan.com/token/0x693b6f1A4a2672CDA29bc9f237aCa7fffd5ebB12,18,,